{
    "$schema": "http://schema.management.azure.com/schemas/2015-01-01/deploymentTemplate.json#",
    "contentVersion": "1.0.0.0",
    "parameters": {
        "location": {
            "type": "string"
        },
        "networkInterfaceName": {
            "type": "string"
        },
        "subnetName": {
            "type": "string"
        },
        "virtualNetworkId": {
            "type": "string"
        },
        "publicIpAddressName": {
            "type": "string"
        },
        "publicIpAddressType": {
            "type": "string"
        },
        "publicIpAddressSku": {
            "type": "string"
        },
        "virtualMachineName": {
            "type": "string"
        },
        "virtualMachineComputerName": {
            "type": "string"
        },
        "virtualMachineRG": {
            "type": "string"
        },
        "osDiskType": {
            "type": "string"
        },
        "virtualMachineSize": {
            "type": "string"
        },
        "adminUsername": {
            "type": "string"
        },
        "adminPassword": {
            "type": "secureString"
        },
        "patchMode": {
            "type": "string"
        },
        "enableHotpatching": {
            "type": "bool"
        }
    },
    "variables": {
        "vnetId": "[parameters('virtualNetworkId')]",
        "subnetRef": "[concat(variables('vnetId'), '/subnets/', parameters('subnetName'))]"
    },
    "resources": [
        {
            "name": "[parameters('networkInterfaceName')]",
            "type": "Microsoft.Network/networkInterfaces",
            "apiVersion": "2021-03-01",
            "location": "[parameters('location')]",
            "dependsOn": [
                "[concat('Microsoft.Network/publicIpAddresses/', parameters('publicIpAddressName'))]"
            ],
            "properties": {
                "ipConfigurations": [
                    {
                        "name": "ipconfig1",
                        "properties": {
                            "subnet": {
                                "id": "[variables('subnetRef')]"
                            },
                            "privateIPAllocationMethod": "Dynamic",
                            "publicIpAddress": {
                                "id": "[resourceId(resourceGroup().name, 'Microsoft.Network/publicIpAddresses', parameters('publicIpAddressName'))]"
                            }
                        }
                    }
                ]
            },
            "tags": {
                "owner": "Maxim_Cherepennikov@epam.com"
            }
        },
        {
            "name": "[parameters('publicIpAddressName')]",
            "type": "Microsoft.Network/publicIpAddresses",
            "apiVersion": "2019-02-01",
            "location": "[parameters('location')]",
            "properties": {
                "publicIpAllocationMethod": "[parameters('publicIpAddressType')]"
            },
            "sku": {
                "name": "[parameters('publicIpAddressSku')]"
            },
            "tags": {
                "owner": "Maxim_Cherepennikov@epam.com"
            }
        },
        {
            "name": "[parameters('virtualMachineName')]",
            "type": "Microsoft.Compute/virtualMachines",
            "apiVersion": "2021-03-01",
            "location": "[parameters('location')]",
            "dependsOn": [
                "[concat('Microsoft.Network/networkInterfaces/', parameters('networkInterfaceName'))]"
            ],
            "properties": {
                "hardwareProfile": {
                    "vmSize": "[parameters('virtualMachineSize')]"
                },
                "storageProfile": {
                    "osDisk": {
                        "createOption": "fromImage",
                        "managedDisk": {
                            "storageAccountType": "[parameters('osDiskType')]"
                        }
                    },
                    "imageReference": {
                        "publisher": "MicrosoftWindowsServer",
                        "offer": "WindowsServer",
                        "sku": "2022-datacenter-g2",
                        "version": "latest"
                    }
                },
                "networkProfile": {
                    "networkInterfaces": [
                        {
                            "id": "[resourceId('Microsoft.Network/networkInterfaces', parameters('networkInterfaceName'))]"
                        }
                    ]
                },
                "osProfile": {
                    "computerName": "[parameters('virtualMachineComputerName')]",
                    "adminUsername": "[parameters('adminUsername')]",
                    "adminPassword": "[parameters('adminPassword')]",
                    "windowsConfiguration": {
                        "enableAutomaticUpdates": true,
                        "provisionVmAgent": true,
                        "patchSettings": {
                            "enableHotpatching": "[parameters('enableHotpatching')]",
                            "patchMode": "[parameters('patchMode')]"
                        }
                    }
                },
                "priority": "Spot",
                "evictionPolicy": "Deallocate",
                "billingProfile": {
                    "maxPrice": -1
                },
                "diagnosticsProfile": {
                    "bootDiagnostics": {
                        "enabled": true
                    }
                }
            },
            "tags": {
                "owner": "Maxim_Cherepennikov@epam.com"
            }
        },
        {
            "name": "Microsoft.CustomScriptExtension",
            "apiVersion": "2015-01-01",
            "type": "Microsoft.Resources/deployments",
            "properties": {
                "mode": "incremental",
                "templateLink": {
                    "uri": "https://catalogartifact.azureedge.net/publicartifacts/Microsoft.CustomScriptExtension-arm-2.0.57/MainTemplate.json"
                },
                "parameters": {
                    "fileUris": {
                        "value": "https://maximcherepennikovsa.blob.core.windows.net/iis/iis.ps1?sp=r&se=2021-10-26T04:27:37Z&sv=2020-08-04&sr=b&sig=P26aaTwNcbIemnLAgRYaoUUmrQJ9Pq7pIzQ3L0LdnNY%3D"
                    },
                    "vmName": {
                        "value": "task1vm"
                    },
                    "location": {
                        "value": "westeurope"
                    }
                }
            },
            "dependsOn": [
                "[concat('Microsoft.Compute/virtualMachines/', parameters('virtualMachineName'))]"
            ]
        }
    ],
    "outputs": {
        "adminUsername": {
            "type": "string",
            "value": "[parameters('adminUsername')]"
        }
    }
}